"security_id","ticker","issuer_name","sec_cik","effective_from_utc","effective_to_utc","evidence_url","evidence_document","evidence_accession","evidence_raw_sha256","reviewer_status","reason"
"cik:0000004904","AEP","AMERICAN ELECTRIC POWER CO INC","0000004904","2019-07-09 04:00:00+00:00","2026-07-09 04:00:00+00:00","https://www.sec.gov/Archives/edgar/data/4904/000119312526223988/d248447d8k.htm","..\data\raw\sec_identity_evidence_20260802\AEP_0001193125-26-223988_d248447d8k.htm","0001193125-26-223988","5f8db92172e1e20b6199b0fc609a1566db6944709e030d67edca3c8495214615","approved","official_sec_filing_cover_lists_trading_symbol"
"cik:0000034088","XOM","EXXON MOBIL CORP","0000034088","2019-07-09 04:00:00+00:00","2026-07-09 04:00:00+00:00","https://www.sec.gov/Archives/edgar/data/34088/000119312526291986/d70995d8k.htm","..\data\raw\sec_identity_evidence_20260802\XOM_0001193125-26-291986_d70995d8k.htm","0001193125-26-291986","674a79c646602cb424a215df553ba40e931ec09c9e979bb56879a339b4765b99","approved","official_sec_filing_cover_lists_trading_symbol"
"cik:0000701985","LB","L Brands","0000701985","2019-07-09 04:00:00+00:00","2021-08-03 04:00:00+00:00","https://www.sec.gov/Archives/edgar/data/701985/000114036121021578/nt10022999x7_8k.htm","..\data\raw\sec_identity_evidence_20260802\LB_0001140361-21-021578_targeted_nt10022999x7_8k.htm","0001140361-21-021578","9debb05d988432321e199ea7d44f889d2239efc047c90cf4cb42d9868ef2a14c","approved","official_sec_filing_cover_lists_trading_symbol"
"cik:0000813828","PARA","Paramount Global","0000813828","2019-07-09 04:00:00+00:00","2025-08-07 04:00:00+00:00","https://www.sec.gov/Archives/edgar/data/813828/000119312525170521/d55470d8k.htm","..\data\raw\sec_identity_evidence_20260802\PARA_0001193125-25-170521_d55470d8k.htm","0001193125-25-170521","b6265c759273a5cd939f5dffeccd6f0bad29423f732eb7420657bb76802e6925","approved","official_sec_filing_cover_lists_trading_symbol"
"cusip:N59465109","MYL","Mylan N.V.","0001623613","2019-07-09 04:00:00+00:00","2020-11-17 05:00:00+00:00","https://www.sec.gov/Archives/edgar/data/1623613/000162361320000022/myl-20200806.htm","..\data\raw\sec_identity_evidence_20260802\MYL_0001623613-20-000022_targeted_myl-20200806.htm","0001623613-20-000022","00f47c70e594aaac64a43730c73466f5a406b10ab7073de1288ff27d5f5f7007","approved","official_sec_filing_cover_lists_trading_symbol"
"sp500-historical:007ad5a651d0e9db02771208","VIAB","Viacom Inc.","0001339947","2019-07-09 04:00:00+00:00","2019-12-05 05:00:00+00:00","https://www.sec.gov/Archives/edgar/data/1339947/000133994719000043/via2019093010k.htm","..\data\raw\sec_identity_evidence_20260802\VIAB_0001339947-19-000043_via2019093010k.htm","0001339947-19-000043","254bf1f1be29f2953053cd0126e32b95daf954ec1273b059bef508d1fe8701f9","approved","official_sec_filing_cover_lists_trading_symbol"
"sp500-historical:026d5c000001b6dd9127af1b","K","KELLANOVA","0000055067","2019-07-09 04:00:00+00:00","2025-12-11 05:00:00+00:00","https://www.sec.gov/Archives/edgar/data/55067/000119312525310707/d49614d8k.htm","..\data\raw\sec_identity_evidence_20260802\K_0001193125-25-310707_d49614d8k.htm","0001193125-25-310707","a94b42384005643768376d2c0f290ea87958a278febfba27f81552b2391931d2","approved","official_sec_filing_cover_lists_trading_symbol"
"sp500-historical:0378a92d82b08bb9fef6d167","CTXS","CITRIX SYSTEMS INC","0000877890","2019-07-09 04:00:00+00:00","2022-10-03 04:00:00+00:00","https://www.sec.gov/Archives/edgar/data/877890/000119312522248803/d400999d8k.htm","..\data\raw\sec_identity_evidence_20260802\CTXS_0001193125-22-248803_d400999d8k.htm","0001193125-22-248803","bd63b1ea9b61a56774b2cd24c09656c574f8c0d545ad60fb5bd26e499e9f8bda","approved","official_sec_filing_cover_lists_trading_symbol"
"sp500-historical:03b394e23455c9e52f6f9635","TIF","Tiffany & Co","0000098246","2019-07-09 04:00:00+00:00","2021-01-07 05:00:00+00:00","https://www.sec.gov/Archives/edgar/data/98246/000009824619000123/tif-2019731x10q.htm","..\data\raw\sec_identity_evidence_20260802\TIF_0000098246-19-000123_targeted_tif-2019731x10q.htm","0000098246-19-000123","7a08d0aeeafb5003a656d210a2f40ab6591d2ce82b901ad3c1d8c9287e9e13e7","approved","official_sec_filing_cover_lists_trading_symbol"
"sp500-historical:06797bc47a9d0727cfac6843","ETFC","E*TRADE Financial","0001015780","2019-07-09 04:00:00+00:00","2020-10-07 04:00:00+00:00","https://www.sec.gov/Archives/edgar/data/1015780/000115752319001607/a52019168.htm","..\data\raw\sec_identity_evidence_20260802\ETFC_0001157523-19-001607_targeted_a52019168.htm","0001157523-19-001607","b21430c511a3d2493fb9677fe06ea9e649639abf21429d81632f0c29b85fe084","approved","official_sec_filing_cover_lists_trading_symbol"
"sp500-historical:06bae2877eeca0aaf6da58d3","ALXN","Alexion Pharmaceuticals","0000899866","2019-07-09 04:00:00+00:00","2021-07-21 04:00:00+00:00","https://www.sec.gov/Archives/edgar/data/899866/000089986621000021/alxn-20210216.htm","..\data\raw\sec_identity_evidence_20260802\ALXN_0000899866-21-000021_targeted_alxn-20210216.htm","0000899866-21-000021","e463f9624989b471d84ef959254869a6be59e92fbd4061f03a9a2b1080142df3","approved","official_sec_filing_cover_lists_trading_symbol"
"sp500-historical:07f5dc98ae366e5e9dbb272c","NBL","Noble Energy","0000072207","2019-07-09 04:00:00+00:00","2020-10-12 04:00:00+00:00","https://www.sec.gov/Archives/edgar/data/72207/000007220719000093/nbl8-kmarket.htm","..\data\raw\sec_identity_evidence_20260802\NBL_0000072207-19-000093_targeted_nbl8-kmarket.htm","0000072207-19-000093","7323280174cdf92ab6fbd1187b9f08c844b75652fb0602ed24437993519b8797","approved","official_sec_filing_cover_lists_trading_symbol"
"sp500-historical:089a869095e510fa466d0746","ATVI","Activision Blizzard, Inc.","0000718877","2019-07-09 04:00:00+00:00","2023-10-18 04:00:00+00:00","https://www.sec.gov/Archives/edgar/data/718877/000110465923109427/tm2328508d1_8k.htm","..\data\raw\sec_identity_evidence_20260802\ATVI_0001104659-23-109427_tm2328508d1_8k.htm","0001104659-23-109427","ac35aeeb2f23f0bce89855cbc7afe89314abd03c970c2e5b938ebc5e0599a50b","approved","official_sec_filing_cover_lists_trading_symbol"
"sp500-historical:0b1062431ab6bc6c8aeeb39d","CMA","COMERICA INC","0000028412","2019-07-09 04:00:00+00:00","2024-06-24 04:00:00+00:00","https://www.sec.gov/Archives/edgar/data/28412/000002841224000277/cma-20240610.htm","..\data\raw\sec_identity_evidence_20260802\CMA_0000028412-24-000277_cma-20240610.htm","0000028412-24-000277","a6fc39dcf4f945c51a3a6a805dce616f844e1693608724bf6355d500ff2ffb61","approved","official_sec_filing_cover_lists_trading_symbol"
"sp500-historical:0b7d64e16aebc56ee43eb002","WBA","Walgreens Boots Alliance, Inc.","0001618921","2019-07-09 04:00:00+00:00","2025-08-28 04:00:00+00:00","https://www.sec.gov/Archives/edgar/data/1618921/000119312525159391/d10340d8k.htm","..\data\raw\sec_identity_evidence_20260802\WBA_0001193125-25-159391_d10340d8k.htm","0001193125-25-159391","e8155a9ad0e9be417bfc92e1a28aa87dba1dd963ad0d53d187b7e532cb8f2344","approved","official_sec_filing_cover_lists_trading_symbol"
"sp500-historical:0e6b22be4f46feccf9993b1a","HFC","HollyFrontier","0000048039","2019-07-09 04:00:00+00:00","2021-06-04 04:00:00+00:00","https://www.sec.gov/Archives/edgar/data/48039/000004803921000037/hfc-20210512.htm","..\data\raw\sec_identity_evidence_20260802\HFC_0000048039-21-000037_targeted_hfc-20210512.htm","0000048039-21-000037","a591449081b3d38224b1e14213b13acef4906ecdddbb3ea28eeb4367d54673a3","approved","official_sec_filing_cover_lists_trading_symbol"
"sp500-historical:1162a39672a4eb6ba315dc35","RTN","Raytheon","0001047122","2019-07-09 04:00:00+00:00","2020-04-06 04:00:00+00:00","https://www.sec.gov/Archives/edgar/data/1047122/000104712219000171/rtn-07252019x8k.htm","..\data\raw\sec_identity_evidence_20260802\RTN_0001047122-19-000171_targeted_rtn-07252019x8k.htm","0001047122-19-000171","58ffd50c9465fd1f9aa475f4e79c0b97966e74b4311cad8529e78b511aada0ab","approved","official_sec_filing_cover_lists_trading_symbol"
"sp500-historical:183d197c1c5a086c24d23cdf","INFO","IHS Markit","0001598014","2019-07-09 04:00:00+00:00","2022-03-02 05:00:00+00:00","https://www.sec.gov/Archives/edgar/data/1598014/000159801420000210/info-20201110.htm","..\data\raw\sec_identity_evidence_20260802\INFO_0001598014-20-000210_targeted_info-20201110.htm","0001598014-20-000210","4cfae453964ecec5cda962a08ab033ebd341cfab5c9eb19676fd7f72afc43c0e","approved","official_sec_filing_cover_lists_trading_symbol"
"sp500-historical:18d05980c1c5de768e2264e3","GPS","GAP INC","0000039911","2019-07-09 04:00:00+00:00","2022-02-03 05:00:00+00:00","https://www.sec.gov/Archives/edgar/data/39911/000003991121000132/gps-20211030.htm","..\data\raw\sec_identity_evidence_20260802\GPS_0000039911-21-000132_gps-20211030.htm","0000039911-21-000132","e498783948106acc568f685157a232ddfe8081ec17c3d9c6c75bb454c6e86ad5","approved","official_sec_filing_cover_lists_trading_symbol"
"sp500-historical:1c158c11ac3317be6f63321a","TSS","Total System Services","0000721683","2019-07-09 04:00:00+00:00","2019-09-23 04:00:00+00:00","https://www.sec.gov/Archives/edgar/data/721683/000072168319000057/tss-20190731x8k.htm","..\data\raw\sec_identity_evidence_20260802\TSS_0000721683-19-000057_targeted_tss-20190731x8k.htm","0000721683-19-000057","6a3ff414c9d6a50a06b30149c393f02773b06bf763bdf08f589b7d6c10c621b0","approved","official_sec_filing_cover_lists_trading_symbol"
"sp500-historical:1e86d2f1a312cb5d9bc916a6","HBI","Hanesbrands Inc.","0001359841","2019-07-09 04:00:00+00:00","2021-12-20 05:00:00+00:00","https://www.sec.gov/Archives/edgar/data/1359841/000119312521337693/d436919d8k.htm","..\data\raw\sec_identity_evidence_20260802\HBI_0001193125-21-337693_d436919d8k.htm","0001193125-21-337693","1dbbb26a88ac7158a03dbe9cd676a01baeaf13d80226e6b361a9581fd5d19649","approved","official_sec_filing_cover_lists_trading_symbol"
"sp500-historical:29d9b35fd5c50ee0f79ccc71","SIVB","SVB FINANCIAL GROUP","0000719739","2019-07-09 04:00:00+00:00","2023-03-15 04:00:00+00:00","https://www.sec.gov/Archives/edgar/data/719739/000119312523070254/d487554d8k.htm","..\data\raw\sec_identity_evidence_20260802\SIVB_0001193125-23-070254_d487554d8k.htm","0001193125-23-070254","da08544d05b1ffbce352e7038052a0dc180938a050627cd7ec7b432a49909fab","approved","official_sec_filing_cover_lists_trading_symbol"
"sp500-historical:3630f8fcc1aa888bc6305b78","CXO","Concho Resources","0001358071","2019-07-09 04:00:00+00:00","2021-01-21 05:00:00+00:00","https://www.sec.gov/Archives/edgar/data/1358071/000135807120000058/cxo-20201027.htm","..\data\raw\sec_identity_evidence_20260802\CXO_0001358071-20-000058_targeted_cxo-20201027.htm","0001358071-20-000058","3f09c1b1fd5eeb99a2e2e42d4f96289de4beac382eff6db64023862173e35739","approved","official_sec_filing_cover_lists_trading_symbol"
"sp500-historical:3a987add09215ebdeb70d8b4","VAR","Varian Medical Systems","0000203527","2019-07-09 04:00:00+00:00","2021-04-20 04:00:00+00:00","https://www.sec.gov/Archives/edgar/data/203527/000020352720000010/var-20200504.htm","..\data\raw\sec_identity_evidence_20260802\VAR_0000203527-20-000010_targeted_var-20200504.htm","0000203527-20-000010","50c6017f40a7de2902eea95d4a86b698c47a75ea8db3a4a74e65ded11112b391","approved","official_sec_filing_cover_lists_trading_symbol"
"sp500-historical:3c26a60436814820e567be2a","FLIR","FLIR Systems","0000354908","2019-07-09 04:00:00+00:00","2021-05-14 04:00:00+00:00","https://www.sec.gov/Archives/edgar/data/354908/000115752319002150/a52120707.htm","..\data\raw\sec_identity_evidence_20260802\FLIR_0001157523-19-002150_targeted_a52120707.htm","0001157523-19-002150","2f80cb780ac0a7ce7987d8890405b5deb82f2fe927612fedc1cb34b317eed7a0","approved","official_sec_filing_cover_lists_trading_symbol"
"sp500-historical:3c77ec40dcbfbca65f4b4016","WCG","WellCare Health Plans","0001279363","2019-07-09 04:00:00+00:00","2020-01-28 05:00:00+00:00","https://www.sec.gov/Archives/edgar/data/1279363/000127936319000026/form8kq22019.htm","..\data\raw\sec_identity_evidence_20260802\WCG_0001279363-19-000026_targeted_form8kq22019.htm","0001279363-19-000026","08488fddb09fd8345c80b33f35f90f8153e06a03dd975d7d1f489d2462a2df1a","approved","official_sec_filing_cover_lists_trading_symbol"
"sp500-historical:3f6feee75f525e01c57df6eb","CTLT","Catalent, Inc.","0001596783","2020-09-21 04:00:00+00:00","2024-12-23 05:00:00+00:00","https://www.sec.gov/Archives/edgar/data/1596783/000119312524280922/d902883d8k.htm","..\data\raw\sec_identity_evidence_20260802\CTLT_0001193125-24-280922_d902883d8k.htm","0001193125-24-280922","b37d91b7e7c32f8de364489ca542efeab9c53fc3cbc1a545fc6aa67710b91425","approved","official_sec_filing_cover_lists_trading_symbol"
"sp500-historical:49d1342f8d85a460c45735b0","NLSN","Nielsen Holdings plc","0001492633","2019-07-09 04:00:00+00:00","2022-10-12 04:00:00+00:00","https://www.sec.gov/Archives/edgar/data/1492633/000119312522260583/d407513d8k.htm","..\data\raw\sec_identity_evidence_20260802\NLSN_0001193125-22-260583_d407513d8k.htm","0001193125-22-260583","885ab14ca762a713c8c209108e9615a758fa2f41bf6cbfa5d5a2376d07575c78","approved","official_sec_filing_cover_lists_trading_symbol"
"sp500-historical:4a0a574d417474d08903f40e","KSU","Kansas City Southern","0000054480","2019-07-09 04:00:00+00:00","2021-12-14 05:00:00+00:00","https://www.sec.gov/Archives/edgar/data/54480/000005448021000113/ksu-20210416.htm","..\data\raw\sec_identity_evidence_20260802\KSU_0000054480-21-000113_targeted_ksu-20210416.htm","0000054480-21-000113","7a25e8ec0d457773ba334b5ecd19e36dcc0c629e5ba2359e27a7d7c83f12d668","approved","official_sec_filing_cover_lists_trading_symbol"
"sp500-historical:52b87459a9a3e503634aaf4d","TWTR","TWITTER, INC.","0001418091","2019-07-09 04:00:00+00:00","2022-11-01 04:00:00+00:00","https://www.sec.gov/Archives/edgar/data/1418091/000119312522272772/d411753d8k.htm","..\data\raw\sec_identity_evidence_20260802\TWTR_0001193125-22-272772_d411753d8k.htm","0001193125-22-272772","60bfc50d97605692296877358a8150695e9ec7ae13a2df2bed331ddd1f33a653","approved","official_sec_filing_cover_lists_trading_symbol"
"sp500-historical:59483f891396ca9236100d9d","DISH","DISH Network CORP","0001001082","2019-07-09 04:00:00+00:00","2023-06-19 04:00:00+00:00","https://www.sec.gov/Archives/edgar/data/1001082/000155837023008370/dish-20230331x10q.htm","..\data\raw\sec_identity_evidence_20260802\DISH_0001558370-23-008370_dish-20230331x10q.htm","0001558370-23-008370","aec60403060ed071ac97187e8abe984debdcf6b025ef50a08fefa7523f7375af","approved","official_sec_filing_cover_lists_trading_symbol"
"sp500-historical:59d783e13432fcfbab56e994","CELG","Celgene","0000816284","2019-07-09 04:00:00+00:00","2019-11-21 05:00:00+00:00","https://www.sec.gov/Archives/edgar/data/816284/000110465919058070/tm1921268-1_8k.htm","..\data\raw\sec_identity_evidence_20260802\CELG_0001104659-19-058070_targeted_tm1921268-1_8k.htm","0001104659-19-058070","2360489d234bab313ed91a7d89ae5822300f19ec1fe7ea8a3b61e9cea6125752","approved","official_sec_filing_cover_lists_trading_symbol"
"sp500-historical:5d026008d6dde7d28c03cc9c","XEC","Cimarex Energy","0001168054","2019-07-09 04:00:00+00:00","2020-03-03 05:00:00+00:00","https://www.sec.gov/Archives/edgar/data/1168054/000110465920024684/tm2010899-1_8k.htm","..\data\raw\sec_identity_evidence_20260802\XEC_0001104659-20-024684_targeted_tm2010899-1_8k.htm","0001104659-20-024684","e01096f2bf50389e5c2e280c537b28b1ebc808e9f9be8a1ff41df9bdd4b17224","approved","official_sec_filing_cover_lists_trading_symbol"
"sp500-historical:698ef29bd088f87c3341d74a","FBHS","Fortune Brands Home & Security","0001519751","2019-07-09 04:00:00+00:00","2022-12-19 05:00:00+00:00","https://www.sec.gov/Archives/edgar/data/1519751/000095017022020328/fbhs-20221027.htm","..\data\raw\sec_identity_evidence_20260802\FBHS_0000950170-22-020328_targeted_fbhs-20221027.htm","0000950170-22-020328","323883fe1ec5c96860c5bbf0aa8b18da027f5762b9871204c1a39b6038641ee1","approved","official_sec_filing_cover_lists_trading_symbol"
"sp500-historical:69a5204f3c41d6bf6a13f499","HES","HESS CORP","0000004447","2019-07-09 04:00:00+00:00","2025-07-23 04:00:00+00:00","https://www.sec.gov/Archives/edgar/data/4447/000095014225001950/eh250651090_8k.htm","..\data\raw\sec_identity_evidence_20260802\HES_0000950142-25-001950_eh250651090_8k.htm","0000950142-25-001950","f0bdbe694d6db9d01d7c86d2d85de863cb9fc683c2c90434889b106b53bd79c6","approved","official_sec_filing_cover_lists_trading_symbol"
"sp500-historical:78bf712d8ef08c0f2eef36a1","JWN","NORDSTROM INC","0000072333","2019-07-09 04:00:00+00:00","2020-06-22 04:00:00+00:00","https://www.sec.gov/Archives/edgar/data/72333/000007233320000142/jwn-q12020x10q.htm","..\data\raw\sec_identity_evidence_20260802\JWN_0000072333-20-000142_jwn-q12020x10q.htm","0000072333-20-000142","a6e56d692f30a46281cde786bef5513f1a11c41f33d516868a368c7757bf4a38","approved","official_sec_filing_cover_lists_trading_symbol"
"sp500-historical:7ba2ac7f1ba475611cb72856","CERN","Cerner","0000804753","2019-07-09 04:00:00+00:00","2022-06-08 04:00:00+00:00","https://www.sec.gov/Archives/edgar/data/804753/000080475322000005/cern-20220115.htm","..\data\raw\sec_identity_evidence_20260802\CERN_0000804753-22-000005_targeted_cern-20220115.htm","0000804753-22-000005","c5191e48eb027761b17bb16980b2d132ac723b92f0bc8e78157bc58f7696f925","approved","official_sec_filing_cover_lists_trading_symbol"
"sp500-historical:8892cf2f1a56164162266581","FL","FOOT LOCKER, INC.","0000850209","2019-07-09 04:00:00+00:00","2019-08-09 04:00:00+00:00","https://www.sec.gov/Archives/edgar/data/850209/000155837019005654/fl-20190504x10q.htm","..\data\raw\sec_identity_evidence_20260802\FL_0001558370-19-005654_fl-20190504x10q.htm","0001558370-19-005654","5f9e85eb0eba62c6d8cc7bf8e5898cbf0df80edd2f7d621b8d912f967cb2240f","approved","official_sec_filing_cover_lists_trading_symbol"
"sp500-historical:8aa03f740622c7853b7ab5d8","AGN","Allergan","0001578845","2019-07-09 04:00:00+00:00","2020-05-12 04:00:00+00:00","https://www.sec.gov/Archives/edgar/data/1578845/000119312520137717/d927229d8k.htm","..\data\raw\sec_identity_evidence_20260802\AGN_0001193125-20-137717_targeted_d927229d8k.htm","0001193125-20-137717","adaeeb958488ff91ee716296799b7a7edaf0e12d22fae7e138a7d3d4891166e7","approved","official_sec_filing_cover_lists_trading_symbol"
"sp500-historical:8b0db678548c2346ecf8f8fd","JNPR","JUNIPER NETWORKS INC","0001043604","2019-07-09 04:00:00+00:00","2025-07-09 04:00:00+00:00","https://www.sec.gov/Archives/edgar/data/1043604/000119312525154400/d912160d8k.htm","..\data\raw\sec_identity_evidence_20260802\JNPR_0001193125-25-154400_d912160d8k.htm","0001193125-25-154400","58fa53ce3a790c35c07a74891f43d3c4e4ddc66680281d18cd9b4ae3f9e5e0fe","approved","official_sec_filing_cover_lists_trading_symbol"
"sp500-historical:8f26ce130c140bd25a5c2fe4","HOLX","HOLOGIC INC","0000859737","2019-07-09 04:00:00+00:00","2026-04-09 04:00:00+00:00","https://www.sec.gov/Archives/edgar/data/859737/000119312526144632/d135035d8k.htm","..\data\raw\sec_identity_evidence_20260802\HOLX_0001193125-26-144632_d135035d8k.htm","0001193125-26-144632","7c93646c7a4c2542c47b7f055de66a5519722165317db30680e1b140adf9c615","approved","official_sec_filing_cover_lists_trading_symbol"
"sp500-historical:9c7f784178fafddc55a371c4","ADS","Alliance Data Systems","0001101215","2019-07-09 04:00:00+00:00","2020-06-22 04:00:00+00:00","https://www.sec.gov/Archives/edgar/data/1101215/000110121520000002/form_8k.htm","..\data\raw\sec_identity_evidence_20260802\ADS_0001101215-20-000002_targeted_form_8k.htm","0001101215-20-000002","0338c54b2eb3856cad6a18ee4ce339af4e8500649238d879c79a4eda34181b51","approved","official_sec_filing_cover_lists_trading_symbol"
"sp500-historical:b014ab2a87e8ebdc1f6cd856","DRE","DUKE REALTY CORP","0000783280","2019-07-09 04:00:00+00:00","2022-10-03 04:00:00+00:00","https://www.sec.gov/Archives/edgar/data/783280/000119312522254310/d374125d8k.htm","..\data\raw\sec_identity_evidence_20260802\DRE_0001193125-22-254310_d374125d8k.htm","0001193125-22-254310","062b20a4835ac0ab23eff76cf658cb978fe5aa374508b687228779b98491bf52","approved","official_sec_filing_cover_lists_trading_symbol"
"sp500-historical:b6abbe8f2d24c51c54781c5c","IPG","INTERPUBLIC GROUP OF COMPANIES, INC.","0000051644","2019-07-09 04:00:00+00:00","2025-11-28 05:00:00+00:00","https://www.sec.gov/Archives/edgar/data/51644/000119312525300704/d89931d8k.htm","..\data\raw\sec_identity_evidence_20260802\IPG_0001193125-25-300704_d89931d8k.htm","0001193125-25-300704","37f83f318d27f42b15f468cf4c71f227ecf4b57724b7e2fb19c71a34fab49c49","approved","official_sec_filing_cover_lists_trading_symbol"
"sp500-historical:c1751a92cc1a0afb4d6fc8f4","SEE","SEALED AIR CORP/DE","0001012100","2019-07-09 04:00:00+00:00","2023-12-18 05:00:00+00:00","https://www.sec.gov/Archives/edgar/data/1012100/000162828023041277/see-20231023.htm","..\data\raw\sec_identity_evidence_20260802\SEE_0001628280-23-041277_see-20231023.htm","0001628280-23-041277","bbdb34ee8c0139630643367e2397efe272e7f81c82e53f089cb554f920cdb7c6","approved","official_sec_filing_cover_lists_trading_symbol"
"sp500-historical:c21bcab572bdbd29300941ba","ANSS","ANSYS INC","0001013462","2019-07-09 04:00:00+00:00","2025-07-18 04:00:00+00:00","https://www.sec.gov/Archives/edgar/data/1013462/000114036125026141/ef20052066_8k.htm","..\data\raw\sec_identity_evidence_20260802\ANSS_0001140361-25-026141_ef20052066_8k.htm","0001140361-25-026141","426bf69a6bb880823207f8d84fc5337d2ef697122d58b87f5e2805a3997c4ee2","approved","official_sec_filing_cover_lists_trading_symbol"
"sp500-historical:c495e60a20995672bfdab827","CTRA","Coterra Energy Inc.","0000858470","2019-07-09 04:00:00+00:00","2026-05-07 04:00:00+00:00","https://www.sec.gov/Archives/edgar/data/858470/000085847026000082/ctra-20260331.htm","..\data\raw\sec_identity_evidence_20260802\CTRA_0000858470-26-000082_ctra-20260331.htm","0000858470-26-000082","59fb241935cbec511edc037eb92dd1e1ed08a248212abf1f7b377616c18ab957","approved","official_sec_filing_cover_lists_trading_symbol"
"sp500-historical:c555175132410e94c93f08ee","RHT","Red Hat","0001087423","2019-07-09 04:00:00+00:00","2019-07-15 04:00:00+00:00","https://www.sec.gov/Archives/edgar/data/1087423/000095014219001517/eh1900896_8ka1-rh.htm","..\data\raw\sec_identity_evidence_20260802\RHT_0000950142-19-001517_targeted_eh1900896_8ka1-rh.htm","0000950142-19-001517","b34f69402e02f6b6dac9f522bf0b955049ad4a54e2d794ef2c83eb5fcd6bfa2d","approved","official_sec_filing_cover_lists_trading_symbol"
"sp500-historical:cf04a4bb16a6b9088427774e","PXD","PIONEER NATURAL RESOURCES CO","0001038357","2019-07-09 04:00:00+00:00","2024-05-08 04:00:00+00:00","https://www.sec.gov/Archives/edgar/data/1038357/000119312524130052/d803313d8k.htm","..\data\raw\sec_identity_evidence_20260802\PXD_0001193125-24-130052_d803313d8k.htm","0001193125-24-130052","5708286013e45aa45be747efaf3b08ff80ebcc97a094dd32a93589ca0bc60872","approved","official_sec_filing_cover_lists_trading_symbol"
"sp500-historical:d49a0385024665e83cf5fbb9","PBCT","People's United Financial","0001378946","2019-07-09 04:00:00+00:00","2022-04-04 04:00:00+00:00","https://www.sec.gov/Archives/edgar/data/1378946/000162828022004389/pbct-20211231.htm","..\data\raw\sec_identity_evidence_20260802\PBCT_0001628280-22-004389_targeted_pbct-20211231.htm","0001628280-22-004389","7fb80d90f2b9a5f12904c34dea8f0d9ce2b6d908d710f0e5015bb1523344dc69","approved","official_sec_filing_cover_lists_trading_symbol"
"sp500-historical:d8cdd9ba3f52115a6b2faf16","DFS","Discover Financial Services","0001393612","2019-07-09 04:00:00+00:00","2025-05-19 04:00:00+00:00","https://www.sec.gov/Archives/edgar/data/1393612/000139361225000022/dfs-20250514.htm","..\data\raw\sec_identity_evidence_20260802\DFS_0001393612-25-000022_dfs-20250514.htm","0001393612-25-000022","fd8c0e1b080701982d36c328cf2e4f6d7da34c13141ded491f291dfd7ae9d14c","approved","official_sec_filing_cover_lists_trading_symbol"
"sp500-historical:dce126626e1cbbffa655be67","ABMD","ABIOMED INC","0000815094","2019-07-09 04:00:00+00:00","2022-12-22 05:00:00+00:00","https://www.sec.gov/Archives/edgar/data/815094/000095017022021880/abmd-20220930.htm","..\data\raw\sec_identity_evidence_20260802\ABMD_0000950170-22-021880_abmd-20220930.htm","0000950170-22-021880","90d08b5efc4580323ff7cf48287f0244c82c8f874b3817e5a2dea3a3507ff131","approved","official_sec_filing_cover_lists_trading_symbol"
"sp500-historical:e344309d31df413f060e5d44","MXIM","Maxim Integrated Products","0000743316","2019-07-09 04:00:00+00:00","2021-08-30 04:00:00+00:00","https://www.sec.gov/Archives/edgar/data/743316/000074331620000045/mxim-20201211.htm","..\data\raw\sec_identity_evidence_20260802\MXIM_0000743316-20-000045_targeted_mxim-20201211.htm","0000743316-20-000045","67f581007ba783ba3a72daf4b48519accd67455627446898daa6e591f53650c6","approved","official_sec_filing_cover_lists_trading_symbol"
"sp500-historical:e4850b5b76dd984b65f92f3c","MRO","MARATHON OIL CORP","0000101778","2019-07-09 04:00:00+00:00","2024-11-26 05:00:00+00:00","https://www.sec.gov/Archives/edgar/data/101778/000110465924122113/tm2428994d1_8k.htm","..\data\raw\sec_identity_evidence_20260802\MRO_0001104659-24-122113_tm2428994d1_8k.htm","0001104659-24-122113","302d2babf0a67a6f2612d091e6c040c4066c0014857f9f9fd8863ba895493c67","approved","official_sec_filing_cover_lists_trading_symbol"
"sp500-historical:ecbaf699e574046228ce12f9","XLNX","Xilinx","0000743988","2019-07-09 04:00:00+00:00","2022-02-15 05:00:00+00:00","https://www.sec.gov/Archives/edgar/data/743988/000074398820000047/xlnx-20201021.htm","..\data\raw\sec_identity_evidence_20260802\XLNX_0000743988-20-000047_targeted_xlnx-20201021.htm","0000743988-20-000047","a82aa74d032cbd30e8d5e9d2af8d4646848aedbd27e8293e90a7c3e8385f6cc2","approved","official_sec_filing_cover_lists_trading_symbol"
"sp500-historical:ffe1f6ee52a9cf757d53400e","DAY","Dayforce","0001725057","2019-07-09 04:00:00+00:00","2026-02-09 05:00:00+00:00","https://www.sec.gov/Archives/edgar/data/1725057/000172505725000080/day-20250502.htm","..\data\raw\sec_identity_evidence_20260802\DAY_0001725057-25-000080_targeted_day-20250502.htm","0001725057-25-000080","5109e9a567f22ad1b725072b00027727c717734e60f8f852bc84ef865668c333","approved","official_sec_filing_cover_lists_trading_symbol"
