id,effective_date,old_symbol,new_symbol,transition_type,identity_continuity,membership_continuity,old_security_id,new_security_id,source_url,evidence_summary,reviewed_by,reviewed_at_utc
sec-0001104659-19-059239,2019-11-05,SYMC,NLOK,asset_sale_name_change,true,true,cik:0000849399,cik:0000849399,https://www.sec.gov/Archives/edgar/data/849399/000110465919059239/tm1921662d1_ex99-01.htm,SEC-filed release states that Symantec became NortonLifeLock and NLOK began trading on this date,market-predictor-lineage-review,2026-07-25T15:30:00Z
sec-0001193125-19-306334,2019-12-05,CBS,VIAC,merger_name_change,true,true,cik:0000813828,cik:0000813828,https://www.sec.gov/Archives/edgar/data/813828/000119312519306334/d842322d8k.htm,SEC Form 8-K states that CBS survived the merger and VIAC began trading on this date,market-predictor-lineage-review,2026-07-25T15:30:00Z
sec-0001104659-20-011945,2020-04-01,ARNC,HWM,spin_off_name_change,true,true,cik:0000004281,cik:0000004281,https://www.sec.gov/Archives/edgar/data/4281/000110465920011945/tm206942d1_ex99-1.htm,SEC-filed release states that existing Arconic became Howmet and changed ARNC to HWM before the open,market-predictor-lineage-review,2026-07-25T15:30:00Z
sec-0001792044-21-000009,2020-11-17,MYL,VTRS,reverse_morris_trust,false,true,cusip:N59465109,cik:0001792044,https://www.sec.gov/Archives/edgar/data/1792044/000179204421000009/vtrs-20201231.htm,SEC Form 10-K states that VTRS began trading on this date and former Mylan holders received one share,market-predictor-lineage-review,2026-07-25T15:30:00Z
sec-0001140361-21-026658,2021-08-03,LB,BBWI,spin_off_name_change,true,true,cik:0000701985,cik:0000701985,https://www.sec.gov/Archives/edgar/data/701985/000114036121026658/nt10026698x7_8k.htm,SEC Form 8-K states that L Brands became Bath and Body Works and BBWI began trading on this date,market-predictor-lineage-review,2026-07-25T15:30:00Z
sec-0000813828-22-000011,2022-02-17,VIAC,PARA,name_change,true,true,cik:0000813828,cik:0000813828,https://www.sec.gov/Archives/edgar/data/813828/000081382822000011/viac-20220216.htm,SEC Form 8-K states that VIAC ceased and PARA began trading at the open on this date,market-predictor-lineage-review,2026-07-25T15:30:00Z
sec-0001193125-22-103051,2022-04-11,DISCA,WBD,asset_merger_name_change,true,true,cik:0001437107,cik:0001437107,https://www.sec.gov/Archives/edgar/data/1437107/000119312522103051/d328161d8k.htm,SEC Form 8-K states that Discovery shares were reclassified and WBD began trading on this date,market-predictor-lineage-review,2026-07-25T15:30:00Z
sec-0000849399-22-000026,2022-11-08,NLOK,GEN,name_change,true,true,cik:0000849399,cik:0000849399,https://www.sec.gov/Archives/edgar/data/849399/000084939922000026/genq2fy23exhibit301.htm,SEC-filed certificate establishes the Gen Digital name after the November 7 corporate change,market-predictor-lineage-review,2026-07-25T15:30:00Z
sec-0001193125-25-175046,2025-08-07,PARA,PSKY,holding_company_merger,false,true,cik:0000813828,cik:0002041610,https://www.sec.gov/Archives/edgar/data/2041610/000119312525175046/d841914d8k12b.htm,SEC Form 8-K states that Paramount shares were cancelled and PSKY became the successor issuer on this date,market-predictor-lineage-review,2026-07-25T15:30:00Z
